Workbook

Sheet CR Log
A1: CR ID | B1: Date Submitted | C1: Client Name | D1: Submitted By | E1: Description | F1: Category | G1: Severity | H1: Status | I1: Assigned To | J1: Quote (NIS) | K1: Approved Date | L1: Delivered Date | M1: Closed Date | N1: Resolution Days | O1: Billable? | P1: Amount Billed (NIS) | Q1: Notes
A2: CR-001 | B2: 2026-07-10 | C2: Giliguli | D2: Eden David | E2: Change date format on revenue chart from DD/MM to MM/YYYY | F2: Minor Adjustment | G2: P4 - Low | H2: Closed | I2: Arye | K2: 2026-07-10 | L2: 2026-07-10 | M2: 2026-07-10 | N2: =IF(AND(M2<>"",B2<>""),M2-B2,"") | O2: No | Q2: Quick fix, 10 min
A3: CR-002 | B3: 2026-07-12 | C3: Studio Flex | D3: Yael Cohen | E3: Add class utilization heatmap by day/hour | F3: KPI / Data Change | G3: P3 - Medium | H3: Delivered | I3: Arye | K3: 2026-07-12 | L3: 2026-07-15 | N3: =IF(AND(M3<>"",B3<>""),M3-B3,"") | O3: No | Q3: Within monthly quota
A4: CR-003 | B4: 2026-07-14 | C4: Giliguli | D4: Eden David | E4: Add automated weekly email report with KPI summary | F4: Feature Addition | G4: P4 - Low | H4: Quoted | I4: Ofir | J4: 800 | N4: =IF(AND(M4<>"",B4<>""),M4-B4,"") | O4: Yes | Q4: Quote sent, awaiting approval
A5: CR-004 | B5: 2026-07-15 | C5: Tech Solutions Ltd | D5: Moshe Levy | E5: Dashboard not loading - API connection timeout | F5: Minor Adjustment | G5: P1 - Critical | H5: In Progress | I5: Arye | K5: 2026-07-15 | N5: =IF(AND(M5<>"",B5<>""),M5-B5,"") | O5: No | Q5: Scalla API intermittent issue

Sheet Dashboard
A1: CR Management Dashboard
A3: Total CRs | B3: Open CRs | C3: Avg Resolution (days) | D3: Billable Revenue (NIS) | E3: CRs This Month | F3: SLA Compliance %
A4: =COUNTA('CR Log'!A2:A500) | B4: =COUNTIFS('CR Log'!H2:H500,"<>Closed",'CR Log'!H2:H500,"<>Cancelled",'CR Log'!H2:H500,"<>Rejected",'CR Log'!H2:H500,"<>") | C4: =IFERROR(AVERAGE('CR Log'!N2:N500),0) | D4: =SUMIF('CR Log'!O2:O500,"Yes",'CR Log'!P2:P500) | E4: =COUNTIFS('CR Log'!B2:B500,">="&DATE(YEAR(TODAY()),MONTH(TODAY()),1),'CR Log'!B2:B500,"<>") | F4: =IFERROR(COUNTIFS('CR Log'!H2:H500,"Closed",'CR Log'!N2:N500,"<="&5)/COUNTIF('CR Log'!H2:H500,"Closed")*100,0)
A6: By Category | D6: By Status
A7: Minor Adjustment | B7: =COUNTIF('CR Log'!F2:F500,"Minor Adjustment") | D7: Submitted | E7: =COUNTIF('CR Log'!H2:H500,"Submitted")
A8: KPI / Data Change | B8: =COUNTIF('CR Log'!F2:F500,"KPI / Data Change") | D8: Triaged | E8: =COUNTIF('CR Log'!H2:H500,"Triaged")
A9: Feature Addition | B9: =COUNTIF('CR Log'!F2:F500,"Feature Addition") | D9: Quoted | E9: =COUNTIF('CR Log'!H2:H500,"Quoted")
A10: Structural Rebuild | B10: =COUNTIF('CR Log'!F2:F500,"Structural Rebuild") | D10: Approved | E10: =COUNTIF('CR Log'!H2:H500,"Approved")
D11: In Progress | E11: =COUNTIF('CR Log'!H2:H500,"In Progress")
D12: Delivered | E12: =COUNTIF('CR Log'!H2:H500,"Delivered")
D13: Closed | E13: =COUNTIF('CR Log'!H2:H500,"Closed")
D14: Cancelled | E14: =COUNTIF('CR Log'!H2:H500,"Cancelled")

Sheet SLA Reference
A1: Severity | B1: Definition | C1: Response SLA | D1: Resolution SLA
A2: P1 - Critical | B2: Dashboard down, data incorrect, security issue | C2: Same business day | D2: 24 hours
A3: P2 - High | B3: Major feature broken, key KPI not updating | C3: 1 business day | D3: 3 business days
A4: P3 - Medium | B4: Minor feature issue, cosmetic problem | C4: 2 business days | D4: 5 business days
A5: P4 - Low | B5: Enhancement request, nice-to-have | C5: 3 business days | D5: Next maintenance cycle (30 days)
A7: Pricing Reference
A8: Category | B8: Pricing Rule
A9: Minor Adjustment | B9: Included in monthly maintenance (unlimited)
A10: KPI / Data Change | B10: 2/month included; 200 NIS each beyond quota
A11: Feature Addition | B11: Quoted individually (typically 500-1,500 NIS)
A12: Structural Rebuild | B12: Quoted as mini-project (typically 1,500-3,000 NIS)
A13: Rush Delivery | B13: 50% surcharge on quoted price
A14: Pre-paid Bundle | B14: 5 KPI changes for 800 NIS (20% discount)
